target_id,sequence_id,target_emb_0,target_emb_1,target_emb_2,target_emb_3,target_emb_4,target_emb_5,target_emb_6,target_emb_7,target_emb_8,target_emb_9,target_emb_10,target_emb_11,target_emb_12,target_emb_13,target_emb_14,target_emb_15,target_emb_16,target_emb_17,target_emb_18,target_emb_19,target_emb_20
CHEMBL1784,sp|P43220|GLP1R_HUMAN,0.06911446899175644,0.03671706095337868,0.028077753260731697,0.04967602714896202,0.053995680063962936,0.053995680063962936,0.019438445568084717,0.04967602714896202,0.03239740803837776,0.13822893798351288,0.021598272025585175,0.028077753260731697,0.04319654405117035,0.03671706095337868,0.05831533297896385,0.0863930881023407,0.047516196966171265,0.06479481607675552,0.03671706095337868,0.04535637050867081,463.0
CHEMBL1850,sp|P21918|DRD5_HUMAN,0.09433962404727936,0.033542975783348083,0.041928719729185104,0.044025156646966934,0.056603774428367615,0.052410900592803955,0.016771487891674042,0.06708595156669617,0.020964359864592552,0.08385743945837021,0.027253668755292892,0.050314463675022125,0.0628930851817131,0.033542975783348083,0.041928719729185104,0.07966457307338715,0.048218030482530594,0.08595387637615204,0.03144654259085655,0.027253668755292892,477.0
